{
    "1": {
        "train_loss": 1374.6797010633682,
        "train_rmse": 1445.713623046875,
        "train_mae": 1183.597412109375,
        "train_mape": 0.6231359839439392,
        "val_loss": 55521.96875,
        "val_rmse": 65449.30078125,
        "val_mae": 56465.71875,
        "val_mape": 34.10467529296875,
        "lr": 0.09990143508499218
    },
    "2": {
        "train_loss": 1181.4983995225696,
        "train_rmse": 1204.0360107421875,
        "train_mae": 965.9263916015625,
        "train_mape": 0.5004705786705017,
        "val_loss": 9925.539306640625,
        "val_rmse": 8295.36328125,
        "val_mae": 6467.5048828125,
        "val_mape": 3.871264934539795,
        "lr": 0.09960612933065818
    },
    "3": {
        "train_loss": 1162.6980658637156,
        "train_rmse": 1159.845458984375,
        "train_mae": 898.5875854492188,
        "train_mape": 0.47692713141441345,
        "val_loss": 4373.95068359375,
        "val_rmse": 5429.890625,
        "val_mae": 4129.49658203125,
        "val_mape": 2.6478917598724365,
        "lr": 0.09911524817389801
    },
    "4": {
        "train_loss": 1162.6359049479167,
        "train_rmse": 1162.75,
        "train_mae": 904.385498046875,
        "train_mape": 0.4751890003681183,
        "val_loss": 1439.7005920410156,
        "val_rmse": 2002.62841796875,
        "val_mae": 1490.88427734375,
        "val_mape": 0.9357739686965942,
        "lr": 0.09843072889837512
    },
    "5": {
        "train_loss": 1096.2960272894966,
        "train_rmse": 1136.4364013671875,
        "train_mae": 888.7382202148438,
        "train_mape": 0.46698781847953796,
        "val_loss": 741.67578125,
        "val_rmse": 811.3847045898438,
        "val_mae": 663.36962890625,
        "val_mape": 0.3877714276313782,
        "lr": 0.09755527298894293
    },
    "6": {
        "train_loss": 1136.171115451389,
        "train_rmse": 1144.559326171875,
        "train_mae": 882.1265869140625,
        "train_mape": 0.4602586328983307,
        "val_loss": 782.9579162597656,
        "val_rmse": 839.8929443359375,
        "val_mae": 705.5380859375,
        "val_mape": 0.41067880392074585,
        "lr": 0.09649233547011817
    },
    "7": {
        "train_loss": 1116.0351698133682,
        "train_rmse": 1133.2286376953125,
        "train_mae": 882.5974731445312,
        "train_mape": 0.46512216329574585,
        "val_loss": 689.7299499511719,
        "val_rmse": 734.8741455078125,
        "val_mae": 600.3034057617188,
        "val_mape": 0.3550926744937897,
        "lr": 0.0952461112706777
    },
    "8": {
        "train_loss": 1111.5538126627605,
        "train_rmse": 1133.173828125,
        "train_mae": 873.3646850585938,
        "train_mape": 0.4633603096008301,
        "val_loss": 680.8295288085938,
        "val_rmse": 743.1923217773438,
        "val_mae": 606.0435791015625,
        "val_mape": 0.3582753539085388,
        "lr": 0.093821518668191
    },
    "9": {
        "train_loss": 1156.6775919596355,
        "train_rmse": 1157.0772705078125,
        "train_mae": 906.4923095703125,
        "train_mape": 0.4752472937107086,
        "val_loss": 637.8950500488281,
        "val_rmse": 851.9615478515625,
        "val_mae": 599.74853515625,
        "val_mape": 0.3977513313293457,
        "lr": 0.09222417987882567
    },
    "10": {
        "train_loss": 1107.988572862413,
        "train_rmse": 1129.5537109375,
        "train_mae": 885.9229736328125,
        "train_mape": 0.4646550714969635,
        "val_loss": 637.6719970703125,
        "val_rmse": 672.7308349609375,
        "val_mae": 502.1382141113281,
        "val_mape": 0.32304224371910095,
        "lr": 0.09046039886902864
    },
    "11": {
        "train_loss": 1114.4184909396702,
        "train_rmse": 1121.7745361328125,
        "train_mae": 875.440185546875,
        "train_mape": 0.464141845703125,
        "val_loss": 585.0050964355469,
        "val_rmse": 740.35595703125,
        "val_mae": 594.7442016601562,
        "val_mape": 0.354191392660141,
        "lr": 0.08853713647665068
    },
    "12": {
        "train_loss": 1113.3416069878472,
        "train_rmse": 1120.7264404296875,
        "train_mae": 875.3175048828125,
        "train_mape": 0.4616621434688568,
        "val_loss": 624.7865142822266,
        "val_rmse": 751.0075073242188,
        "val_mae": 589.8961181640625,
        "val_mape": 0.36654895544052124,
        "lr": 0.0864619829396995
    },
    "13": {
        "train_loss": 1090.0936075846355,
        "train_rmse": 1110.5933837890625,
        "train_mae": 873.0255737304688,
        "train_mape": 0.45883646607398987,
        "val_loss": 749.1920013427734,
        "val_rmse": 976.6754150390625,
        "val_mae": 708.1021118164062,
        "val_mape": 0.45976772904396057,
        "lr": 0.084243127941138
    },
    "14": {
        "train_loss": 1144.2840101453994,
        "train_rmse": 1173.1102294921875,
        "train_mae": 914.8328247070312,
        "train_mape": 0.4798104465007782,
        "val_loss": 752.2469482421875,
        "val_rmse": 794.49365234375,
        "val_mae": 637.4144897460938,
        "val_mape": 0.3808056116104126,
        "lr": 0.08188932828794705
    },
    "15": {
        "train_loss": 1111.346652560764,
        "train_rmse": 1117.973388671875,
        "train_mae": 871.992919921875,
        "train_mape": 0.45875346660614014,
        "val_loss": 670.4629821777344,
        "val_rmse": 687.687255859375,
        "val_mae": 545.614990234375,
        "val_mape": 0.33872875571250916,
        "lr": 0.07940987335200905
    },
    "16": {
        "train_loss": 1090.863328721788,
        "train_rmse": 1105.39794921875,
        "train_mae": 864.54638671875,
        "train_mape": 0.4569869935512543,
        "val_loss": 624.4300231933594,
        "val_rmse": 684.5780639648438,
        "val_mae": 528.9302368164062,
        "val_mape": 0.33358442783355713,
        "lr": 0.07681454840920089
    },
    "17": {
        "train_loss": 1089.9959784613716,
        "train_rmse": 1116.4854736328125,
        "train_mae": 868.3294067382812,
        "train_mape": 0.46025440096855164,
        "val_loss": 775.3295288085938,
        "val_rmse": 1109.127685546875,
        "val_mae": 776.3067626953125,
        "val_mape": 0.5084812045097351,
        "lr": 0.07411359602138069
    },
    "18": {
        "train_loss": 1096.6817559136284,
        "train_rmse": 1112.552978515625,
        "train_mae": 870.958251953125,
        "train_mape": 0.45551443099975586,
        "val_loss": 735.8153991699219,
        "val_rmse": 891.6881103515625,
        "val_mae": 666.867919921875,
        "val_mape": 0.4292081892490387,
        "lr": 0.0713176756136754
    },
    "19": {
        "train_loss": 1086.553934733073,
        "train_rmse": 1099.2008056640625,
        "train_mae": 872.8814086914062,
        "train_mape": 0.4555608034133911,
        "val_loss": 665.7376098632812,
        "val_rmse": 782.7044067382812,
        "val_mae": 587.3947143554688,
        "val_mape": 0.37478795647621155,
        "lr": 0.0684378214065997
    },
    "20": {
        "train_loss": 1092.4778238932292,
        "train_rmse": 1111.6375732421875,
        "train_mae": 874.9635009765625,
        "train_mape": 0.4573012888431549,
        "val_loss": 688.9045104980469,
        "val_rmse": 761.3936767578125,
        "val_mae": 629.3580322265625,
        "val_mape": 0.36321571469306946,
        "lr": 0.06548539886902864
    },
    "21": {
        "train_loss": 1066.4412299262153,
        "train_rmse": 1080.65673828125,
        "train_mae": 843.3060913085938,
        "train_mape": 0.44170138239860535,
        "val_loss": 829.9938049316406,
        "val_rmse": 851.0294189453125,
        "val_mae": 702.8764038085938,
        "val_mape": 0.3871957063674927,
        "lr": 0.06247205986388451
    },
    "22": {
        "train_loss": 1072.1131388346355,
        "train_rmse": 1098.46875,
        "train_mae": 854.1802368164062,
        "train_mape": 0.4489935636520386,
        "val_loss": 999.3377990722656,